epoch,time,train/box_loss,train/seg_loss,train/cls_loss,train/dfl_loss,metrics/precision(B),metrics/recall(B),metrics/mAP50(B),metrics/mAP50-95(B),metrics/precision(M),metrics/recall(M),metrics/mAP50(M),metrics/mAP50-95(M),val/box_loss,val/seg_loss,val/cls_loss,val/dfl_loss,lr/pg0,lr/pg1,lr/pg2
1,126.306,0.1088,0.20791,1.96307,0.78906,0.052,0.59035,0.13923,0.03677,0.01717,0.19489,0.03048,0.00518,0.19353,0.69776,2.64083,1.27418,0.08119,0.00019,0.00019
2,246.883,0.0963,0.1663,1.21573,0.7583,0.07542,0.8562,0.42767,0.18139,0.009,0.10218,0.02176,0.005,0.12807,0.86896,2.39173,0.92725,0.0613861,0.000386139,0.000386139
3,367.06,0.09263,0.1507,1.06596,0.73637,0.0825,0.93661,0.80054,0.39605,0.25318,0.35667,0.22081,0.05243,0.11232,0.54115,2.22317,0.8523,0.0415783,0.000578318,0.000578318
4,518.665,0.0884,0.14147,0.93124,0.7181,0.93304,0.87007,0.94933,0.595,0.87167,0.78524,0.83055,0.34823,0.08752,0.24289,1.39514,0.75135,0.0217665,0.000766537,0.000766537
5,678.95,0.08774,0.14068,0.88957,0.72399,0.94399,0.91864,0.96773,0.61525,0.91857,0.88553,0.93011,0.48323,0.08343,0.17323,0.92332,0.73142,0.0019508,0.000950796,0.000950796
6,840.042,0.08403,0.13136,0.85388,0.71712,0.94887,0.93058,0.96942,0.63081,0.92492,0.89782,0.93013,0.46804,0.07947,0.16649,0.78731,0.72019,0.0009505,0.0009505,0.0009505
7,1000.52,0.08506,0.13459,0.84018,0.70841,0.96251,0.9472,0.98025,0.63667,0.95626,0.92904,0.96528,0.52821,0.0799,0.13662,0.77873,0.73213,0.0009406,0.0009406,0.0009406
8,1153.73,0.08198,0.13028,0.81166,0.7001,0.96131,0.95932,0.98214,0.66767,0.95129,0.9508,0.97113,0.54212,0.07316,0.12677,0.73768,0.69585,0.0009307,0.0009307,0.0009307
9,1315.24,0.08276,0.1272,0.79446,0.69863,0.96913,0.9503,0.98411,0.67745,0.9566,0.93845,0.96999,0.57522,0.07327,0.11626,0.70817,0.69494,0.0009208,0.0009208,0.0009208
10,1479.57,0.08114,0.12519,0.76607,0.69961,0.96923,0.95356,0.9853,0.68042,0.96643,0.9404,0.97304,0.53899,0.07334,0.12204,0.70267,0.69711,0.0009109,0.0009109,0.0009109
11,1646.13,0.0788,0.12164,0.75155,0.69732,0.97041,0.9617,0.98669,0.68629,0.96104,0.95671,0.97627,0.58034,0.07192,0.11139,0.68281,0.69302,0.000901,0.000901,0.000901
12,1802.12,0.08019,0.1232,0.77003,0.70703,0.97041,0.96186,0.98829,0.69093,0.965,0.93918,0.97231,0.56356,0.07199,0.11466,0.6803,0.6923,0.0008911,0.0008911,0.0008911
13,1967.82,0.07947,0.12239,0.74621,0.69039,0.97527,0.95837,0.98859,0.6823,0.96853,0.95175,0.97824,0.56786,0.07207,0.10628,0.67031,0.69647,0.0008812,0.0008812,0.0008812
14,2121.4,0.07873,0.11883,0.74716,0.68705,0.97512,0.96395,0.98742,0.68072,0.96938,0.9584,0.97754,0.60431,0.07222,0.10393,0.67099,0.68605,0.0008713,0.0008713,0.0008713
15,2270.58,0.07655,0.11601,0.73049,0.68105,0.97692,0.96878,0.98924,0.68505,0.96738,0.95932,0.98102,0.57172,0.07057,0.10539,0.66372,0.68357,0.0008614,0.0008614,0.0008614
16,2426.28,0.07853,0.11678,0.71282,0.66995,0.97799,0.96672,0.98885,0.69396,0.97223,0.96051,0.98175,0.58674,0.06949,0.10335,0.64917,0.68338,0.0008515,0.0008515,0.0008515
17,2575.64,0.0741,0.10901,0.69447,0.67794,0.97189,0.96689,0.98842,0.69798,0.96334,0.95837,0.98088,0.56332,0.06885,0.10351,0.64404,0.68361,0.0008416,0.0008416,0.0008416
18,2732.47,0.07447,0.11075,0.70592,0.67256,0.98547,0.96262,0.98935,0.6924,0.97868,0.95555,0.97868,0.57134,0.06989,0.10138,0.64668,0.68037,0.0008317,0.0008317,0.0008317
19,2885.84,0.07586,0.11607,0.7118,0.6726,0.97765,0.96878,0.9886,0.70483,0.96906,0.96026,0.97882,0.61011,0.0684,0.09919,0.63035,0.67693,0.0008218,0.0008218,0.0008218
20,3038.36,0.07461,0.11106,0.69404,0.6765,0.97252,0.96878,0.98746,0.70333,0.96818,0.96405,0.98266,0.60552,0.06766,0.10249,0.63284,0.67759,0.0008119,0.0008119,0.0008119
21,3189.97,0.0734,0.11028,0.6773,0.6679,0.98456,0.96518,0.98846,0.71019,0.97787,0.96157,0.98355,0.60032,0.06636,0.09787,0.61899,0.67182,0.000802,0.000802,0.000802
22,3338.24,0.07356,0.11017,0.68945,0.66847,0.97985,0.96602,0.98899,0.71094,0.97973,0.96048,0.98069,0.59121,0.06614,0.0979,0.61821,0.67128,0.0007921,0.0007921,0.0007921
23,3496.27,0.07358,0.11076,0.67598,0.66672,0.98087,0.97003,0.98934,0.71242,0.97244,0.96793,0.98141,0.57541,0.06643,0.10266,0.61845,0.67185,0.0007822,0.0007822,0.0007822
24,3651.74,0.07034,0.10558,0.65985,0.66742,0.98292,0.96689,0.98992,0.70954,0.97888,0.9631,0.98551,0.59522,0.06704,0.0978,0.60582,0.67763,0.0007723,0.0007723,0.0007723
25,3809.2,0.07296,0.11105,0.65689,0.66474,0.98787,0.96973,0.98995,0.71438,0.98116,0.96121,0.97981,0.59574,0.06583,0.09613,0.59793,0.67052,0.0007624,0.0007624,0.0007624
26,3975.99,0.07282,0.10908,0.65072,0.66136,0.98458,0.96636,0.98945,0.71712,0.97872,0.95744,0.98394,0.58366,0.06455,0.09672,0.59456,0.66648,0.0007525,0.0007525,0.0007525
27,4179.55,0.07137,0.1068,0.64305,0.651,0.98303,0.96973,0.9902,0.71899,0.97783,0.96405,0.9845,0.60719,0.06448,0.09717,0.57698,0.66554,0.0007426,0.0007426,0.0007426
28,4344.37,0.06933,0.10344,0.63218,0.66442,0.98287,0.97351,0.98988,0.71517,0.97797,0.96583,0.98298,0.59863,0.06581,0.09649,0.57851,0.67192,0.0007327,0.0007327,0.0007327
29,4509.19,0.07072,0.10906,0.63319,0.66263,0.98471,0.97492,0.9913,0.72849,0.97993,0.97012,0.9877,0.60497,0.06403,0.09641,0.56459,0.66518,0.0007228,0.0007228,0.0007228
30,4675.31,0.07109,0.10551,0.63743,0.66524,0.98442,0.97446,0.99171,0.72622,0.97899,0.96991,0.98994,0.61059,0.06384,0.09528,0.56547,0.66436,0.0007129,0.0007129,0.0007129
31,4841.62,0.0713,0.10821,0.64115,0.65955,0.98276,0.97097,0.9913,0.72124,0.98452,0.96295,0.98922,0.59335,0.06431,0.09481,0.57546,0.66553,0.000703,0.000703,0.000703
32,5001.29,0.07047,0.10481,0.62541,0.65903,0.98577,0.97067,0.99119,0.72293,0.97994,0.965,0.98269,0.61653,0.06393,0.09551,0.56952,0.6626,0.0006931,0.0006931,0.0006931
33,5160.12,0.07101,0.10877,0.62016,0.65393,0.98381,0.97256,0.99116,0.71817,0.97801,0.96878,0.98889,0.60439,0.06476,0.09431,0.56651,0.66876,0.0006832,0.0006832,0.0006832
34,5323.82,0.06999,0.10526,0.61774,0.65623,0.98819,0.97162,0.99138,0.72174,0.98138,0.965,0.98162,0.6227,0.06484,0.09383,0.55598,0.66193,0.0006733,0.0006733,0.0006733
35,5486.77,0.0689,0.10313,0.61958,0.65359,0.98186,0.97302,0.99093,0.72329,0.97614,0.96768,0.98657,0.60246,0.06331,0.09269,0.55235,0.66323,0.0006634,0.0006634,0.0006634
36,5645.02,0.06797,0.10217,0.61261,0.65339,0.98882,0.9754,0.99156,0.72715,0.98558,0.97162,0.98905,0.62865,0.0639,0.09327,0.56099,0.66379,0.0006535,0.0006535,0.0006535
37,5808.36,0.06923,0.10325,0.59969,0.64776,0.98848,0.97377,0.99108,0.72317,0.98367,0.96894,0.98896,0.60213,0.06411,0.09447,0.55401,0.66695,0.0006436,0.0006436,0.0006436
38,5968.68,0.06948,0.10385,0.60665,0.6544,0.98786,0.97446,0.99074,0.72471,0.98458,0.96676,0.98682,0.59831,0.06335,0.09417,0.54209,0.66138,0.0006337,0.0006337,0.0006337
39,6127.22,0.06867,0.1008,0.61148,0.66224,0.98677,0.9754,0.99129,0.73163,0.98181,0.97023,0.98612,0.62336,0.06168,0.09271,0.53811,0.65643,0.0006238,0.0006238,0.0006238
40,6273.06,0.06801,0.10358,0.60174,0.65395,0.98083,0.96809,0.99181,0.7199,0.9759,0.96689,0.98821,0.59273,0.06363,0.09329,0.55263,0.66662,0.0006139,0.0006139,0.0006139
41,6389.69,0.06738,0.09945,0.59052,0.65083,0.98661,0.97613,0.9922,0.7278,0.98364,0.96703,0.98948,0.62063,0.06252,0.09215,0.53628,0.66154,0.000604,0.000604,0.000604
42,6515.65,0.06745,0.10175,0.58858,0.64729,0.9861,0.97351,0.99191,0.72404,0.98142,0.96878,0.98714,0.59853,0.06344,0.09247,0.53262,0.66478,0.0005941,0.0005941,0.0005941
43,6636.87,0.0673,0.10083,0.58596,0.65451,0.98747,0.97635,0.99202,0.72876,0.98268,0.97162,0.98757,0.61435,0.06295,0.09214,0.52867,0.65894,0.0005842,0.0005842,0.0005842
44,6761.01,0.06962,0.10265,0.59823,0.64552,0.98669,0.97446,0.99192,0.73309,0.9818,0.96963,0.98524,0.61989,0.06188,0.09113,0.52522,0.65775,0.0005743,0.0005743,0.0005743
45,6883.32,0.06784,0.10198,0.58615,0.64487,0.989,0.97256,0.99211,0.72252,0.98462,0.96908,0.98855,0.59732,0.06275,0.09142,0.52937,0.65913,0.0005644,0.0005644,0.0005644
46,7012.38,0.06844,0.10338,0.59132,0.64335,0.9856,0.97145,0.99195,0.72903,0.98144,0.96594,0.98917,0.62182,0.06306,0.09326,0.53357,0.65892,0.0005545,0.0005545,0.0005545
47,7146.22,0.06762,0.10047,0.57399,0.6432,0.98469,0.97331,0.99199,0.73429,0.9799,0.96858,0.98851,0.61172,0.06094,0.09179,0.52831,0.65392,0.0005446,0.0005446,0.0005446
48,8306.19,0.06396,0.09654,0.58076,0.64345,0.98309,0.9754,0.99167,0.73017,0.97945,0.97446,0.98733,0.59763,0.06187,0.09345,0.52378,0.65797,0.0005347,0.0005347,0.0005347
49,8466.42,0.06651,0.09949,0.57184,0.64894,0.98839,0.97635,0.99178,0.73554,0.98564,0.97422,0.99024,0.62331,0.06104,0.09181,0.51408,0.65346,0.0005248,0.0005248,0.0005248
50,8626.59,0.06589,0.09687,0.56996,0.63791,0.98139,0.97824,0.99191,0.72698,0.97749,0.97729,0.98816,0.59397,0.06278,0.09265,0.52398,0.66184,0.0005149,0.0005149,0.0005149
51,8787.18,0.06529,0.09747,0.5774,0.65071,0.98848,0.97919,0.99268,0.73303,0.98507,0.97635,0.99005,0.62784,0.06183,0.09073,0.5115,0.65324,0.000505,0.000505,0.000505
52,8944.69,0.0665,0.09852,0.57252,0.65106,0.98948,0.97865,0.99224,0.73595,0.98374,0.9732,0.98625,0.62455,0.06076,0.09086,0.50986,0.65184,0.0004951,0.0004951,0.0004951
53,9104.45,0.06698,0.09946,0.56965,0.6521,0.98478,0.97915,0.9924,0.73018,0.98003,0.97497,0.98238,0.60253,0.06179,0.09102,0.51189,0.66037,0.0004852,0.0004852,0.0004852
54,9265.17,0.06612,0.09905,0.56825,0.6549,0.98625,0.97446,0.99249,0.73953,0.98147,0.96973,0.98297,0.62509,0.06101,0.09026,0.51326,0.6505,0.0004753,0.0004753,0.0004753
55,9421.94,0.06537,0.09905,0.57393,0.64417,0.98435,0.97919,0.99253,0.73592,0.97941,0.97446,0.98819,0.62195,0.0606,0.08955,0.51008,0.65226,0.0004654,0.0004654,0.0004654
56,9585.43,0.06603,0.10058,0.56295,0.64341,0.98571,0.97913,0.99267,0.73783,0.9788,0.9754,0.98795,0.62059,0.06063,0.08988,0.50887,0.65336,0.0004555,0.0004555,0.0004555
57,9753.83,0.06458,0.09794,0.55374,0.63935,0.98283,0.97467,0.99228,0.73744,0.97958,0.97446,0.99126,0.62759,0.06031,0.08983,0.50521,0.65139,0.0004456,0.0004456,0.0004456
58,9915.12,0.06551,0.0995,0.56449,0.64051,0.98171,0.97446,0.9922,0.73616,0.97885,0.97162,0.99091,0.61072,0.0606,0.08966,0.5034,0.65255,0.0004357,0.0004357,0.0004357
59,10078.1,0.06716,0.10128,0.57022,0.64804,0.97897,0.96867,0.99108,0.73416,0.97759,0.96405,0.98915,0.60898,0.06076,0.09262,0.5148,0.65303,0.0004258,0.0004258,0.0004258
60,10241.3,0.06625,0.09833,0.5564,0.63739,0.97712,0.97256,0.99137,0.73381,0.97792,0.96379,0.98875,0.63004,0.06144,0.09022,0.51765,0.65458,0.0004159,0.0004159,0.0004159
61,10427,0.0641,0.0968,0.5484,0.63963,0.98463,0.9698,0.9922,0.7321,0.97617,0.96889,0.98775,0.60638,0.06166,0.09167,0.51772,0.65612,0.000406,0.000406,0.000406
62,10598.1,0.06469,0.09836,0.54955,0.64038,0.98731,0.97162,0.99229,0.73401,0.98251,0.96783,0.98914,0.61442,0.06061,0.09017,0.5059,0.65297,0.0003961,0.0003961,0.0003961
63,10753.7,0.06437,0.0971,0.54697,0.65001,0.98928,0.97446,0.99204,0.73536,0.98717,0.97162,0.98899,0.62494,0.06072,0.08921,0.50107,0.65191,0.0003862,0.0003862,0.0003862
64,10909.7,0.06524,0.09714,0.55642,0.64814,0.98755,0.97542,0.9921,0.7327,0.9837,0.97162,0.98849,0.60328,0.06118,0.08907,0.50248,0.65666,0.0003763,0.0003763,0.0003763
65,11025.4,0.06546,0.09828,0.55347,0.64238,0.99078,0.97351,0.99233,0.73939,0.98693,0.96973,0.98992,0.63092,0.06035,0.08846,0.49908,0.64966,0.0003664,0.0003664,0.0003664
66,11137.5,0.06677,0.09974,0.56069,0.6428,0.99199,0.97067,0.9924,0.74371,0.98813,0.96689,0.98958,0.62832,0.05952,0.08837,0.49541,0.64886,0.0003565,0.0003565,0.0003565
67,11261.7,0.06436,0.09738,0.54168,0.64493,0.98755,0.9758,0.99203,0.74145,0.98277,0.97107,0.98708,0.62229,0.05972,0.08978,0.50198,0.64777,0.0003466,0.0003466,0.0003466
68,11388.1,0.06497,0.09563,0.5425,0.64069,0.98772,0.97162,0.99217,0.73916,0.9858,0.96973,0.99052,0.63063,0.06043,0.08926,0.49951,0.65104,0.0003367,0.0003367,0.0003367
69,11516.6,0.06491,0.09888,0.54108,0.63136,0.98754,0.97469,0.99255,0.74232,0.98332,0.97162,0.9898,0.62322,0.05956,0.08942,0.48514,0.64963,0.0003268,0.0003268,0.0003268
70,11634,0.06373,0.09676,0.54214,0.63894,0.98853,0.97822,0.99272,0.74078,0.98472,0.97552,0.99031,0.62233,0.05994,0.08995,0.49241,0.649,0.0003169,0.0003169,0.0003169
71,11753.1,0.06406,0.09592,0.53867,0.63457,0.9885,0.97585,0.9931,0.74382,0.98409,0.97446,0.9923,0.61719,0.05973,0.08937,0.4912,0.64941,0.000307,0.000307,0.000307
72,12054.3,0.06326,0.09322,0.5328,0.63827,0.99112,0.97256,0.99291,0.74148,0.98823,0.96973,0.99076,0.62478,0.05975,0.08883,0.4922,0.64933,0.0002971,0.0002971,0.0002971
73,12166.3,0.06251,0.09581,0.53061,0.63386,0.98174,0.97729,0.99274,0.73612,0.97672,0.9754,0.99003,0.61499,0.06019,0.08975,0.48953,0.65111,0.0002872,0.0002872,0.0002872
74,12278.2,0.06557,0.09899,0.54487,0.63111,0.98012,0.97951,0.99255,0.73366,0.97623,0.9714,0.98833,0.60848,0.06065,0.08983,0.4891,0.65701,0.0002773,0.0002773,0.0002773
75,12397.5,0.06412,0.09529,0.53286,0.63603,0.97835,0.98332,0.9927,0.73878,0.9862,0.97067,0.99034,0.62797,0.06007,0.08855,0.48632,0.64867,0.0002674,0.0002674,0.0002674
76,12518.7,0.06472,0.09719,0.54581,0.63846,0.98499,0.9754,0.9927,0.74105,0.98297,0.97351,0.99076,0.61971,0.05988,0.08822,0.48397,0.65118,0.0002575,0.0002575,0.0002575
77,12644.7,0.06186,0.09207,0.52242,0.63088,0.98476,0.97784,0.99229,0.73796,0.9838,0.97351,0.99067,0.61151,0.06019,0.0883,0.48731,0.65398,0.0002476,0.0002476,0.0002476
78,12766.3,0.06305,0.09326,0.53044,0.63236,0.9826,0.97351,0.99194,0.7429,0.98389,0.96973,0.99112,0.62087,0.05905,0.08826,0.48801,0.64629,0.0002377,0.0002377,0.0002377
79,12891.2,0.06311,0.09466,0.5231,0.63393,0.98945,0.97602,0.99208,0.73779,0.98848,0.97392,0.99122,0.61607,0.0603,0.08778,0.48398,0.6537,0.0002278,0.0002278,0.0002278
80,13067.2,0.06165,0.09282,0.51116,0.6323,0.9904,0.97626,0.99242,0.73724,0.98761,0.97162,0.99069,0.61792,0.06066,0.08742,0.48727,0.65295,0.0002179,0.0002179,0.0002179
81,13213.6,0.06157,0.09323,0.51925,0.62767,0.98572,0.97932,0.99277,0.74188,0.98082,0.97446,0.99112,0.61397,0.05903,0.08792,0.4841,0.64585,0.000208,0.000208,0.000208
82,13361.6,0.06267,0.09369,0.52608,0.62969,0.98353,0.97919,0.99277,0.74364,0.97972,0.9754,0.99124,0.61988,0.05934,0.08754,0.48607,0.64645,0.0001981,0.0001981,0.0001981
83,13506.9,0.06285,0.09397,0.52266,0.63601,0.98867,0.98013,0.99285,0.74859,0.98569,0.97717,0.99173,0.62535,0.05892,0.08738,0.48625,0.64647,0.0001882,0.0001882,0.0001882
84,13654.5,0.06268,0.09505,0.5236,0.63095,0.98499,0.97729,0.99243,0.74556,0.98227,0.97635,0.99154,0.62882,0.05963,0.08763,0.48299,0.64579,0.0001783,0.0001783,0.0001783
85,13803.9,0.06279,0.09281,0.51943,0.63306,0.98731,0.97729,0.99235,0.74813,0.9854,0.9754,0.99138,0.62342,0.05887,0.08699,0.47829,0.64498,0.0001684,0.0001684,0.0001684
86,13951.9,0.06326,0.09495,0.51948,0.6294,0.98926,0.97919,0.99248,0.74176,0.98648,0.97635,0.99146,0.61749,0.05949,0.08691,0.47684,0.64949,0.0001585,0.0001585,0.0001585
87,14101.1,0.06386,0.09451,0.52294,0.62928,0.98948,0.97867,0.99277,0.74535,0.98565,0.97469,0.99166,0.62735,0.05879,0.08652,0.4743,0.64539,0.0001486,0.0001486,0.0001486
88,14246.3,0.06172,0.0929,0.51252,0.63324,0.98669,0.98013,0.99296,0.74848,0.98329,0.97635,0.99202,0.62985,0.05857,0.08682,0.47343,0.6437,0.0001387,0.0001387,0.0001387
89,14391.3,0.06132,0.09214,0.5087,0.62578,0.98626,0.97729,0.99311,0.74754,0.98353,0.97446,0.99128,0.61834,0.05896,0.08698,0.47617,0.64559,0.0001288,0.0001288,0.0001288
90,14536.6,0.06146,0.0924,0.50921,0.63202,0.98898,0.97919,0.99316,0.74706,0.98432,0.97446,0.99122,0.61357,0.05864,0.08674,0.47592,0.64595,0.0001189,0.0001189,0.0001189
91,14655.1,0.06252,0.09544,0.56669,0.65101,0.98819,0.97919,0.99285,0.74749,0.98281,0.97256,0.99052,0.62663,0.05861,0.08725,0.48046,0.6448,0.000109,0.000109,0.000109
92,14769.9,0.06203,0.09515,0.5531,0.65504,0.98948,0.97902,0.99275,0.74154,0.98566,0.9752,0.99137,0.63288,0.05977,0.0881,0.48799,0.64788,9.91e-05,9.91e-05,9.91e-05
93,14885,0.06235,0.0941,0.54954,0.64101,0.9885,0.97547,0.99252,0.73291,0.98658,0.97358,0.99129,0.63235,0.06141,0.08945,0.49987,0.65113,8.92e-05,8.92e-05,8.92e-05
94,15000.9,0.06131,0.09468,0.53601,0.65023,0.98765,0.97729,0.99254,0.73329,0.98478,0.97446,0.99133,0.62689,0.06133,0.08959,0.50006,0.65142,7.93e-05,7.93e-05,7.93e-05
95,15117.6,0.05865,0.08986,0.5215,0.6451,0.98456,0.97729,0.99231,0.73763,0.9817,0.97446,0.9913,0.6214,0.06055,0.08946,0.49787,0.6495,6.94e-05,6.94e-05,6.94e-05
96,15233.4,0.0607,0.09277,0.53265,0.6467,0.98194,0.97754,0.99209,0.7385,0.97909,0.9747,0.99125,0.61826,0.06006,0.0891,0.49636,0.64837,5.95e-05,5.95e-05,5.95e-05
97,15353.3,0.05915,0.08998,0.52266,0.64138,0.97925,0.98216,0.99213,0.73979,0.97642,0.97936,0.99124,0.62119,0.05966,0.08867,0.49403,0.64826,4.96e-05,4.96e-05,4.96e-05
98,15473.1,0.05875,0.09086,0.51782,0.63985,0.98057,0.98202,0.99196,0.74174,0.97774,0.97919,0.99128,0.62265,0.0595,0.08854,0.49247,0.64794,3.97e-05,3.97e-05,3.97e-05
99,15593.9,0.05983,0.0903,0.52755,0.63548,0.98076,0.98108,0.99203,0.74255,0.97793,0.97824,0.99143,0.62313,0.05925,0.08845,0.4905,0.64685,2.98e-05,2.98e-05,2.98e-05
100,15716.5,0.0586,0.08987,0.51581,0.64426,0.982,0.98066,0.99213,0.74263,0.98101,0.9777,0.99154,0.62546,0.05901,0.08828,0.48953,0.64585,1.99e-05,1.99e-05,1.99e-05
